[
  {
    "id": "db622500-6de0-4661-af92-64f2f2b1ee08",
    "data": [
      {
        "text": "I want to take admission",
        "userDefined": false
      }
    ],
    "isTemplate": false,
    "count": 0,
    "lang": "en",
    "updated": 0
  },
  {
    "id": "e0cbb12f-f41c-4262-b28c-8eba0a672b75",
    "data": [
      {
        "text": "I want to take admission in CS Department",
        "userDefined": false
      }
    ],
    "isTemplate": false,
    "count": 0,
    "lang": "en",
    "updated": 0
  }
]